,Store,Location,Product,Price
0,Shoozay,Jakarta Selatan,ACER SWIFT SF314 41 ATHLON 300U 8GB RAM 512GB SSD FHD BACKLIT VEGA 3 M,Rp3.450.000
1,Notebook_ID,Tasikmalaya,Laptop Acer Asoire Swift SF314-41 Mulus,Rp3.500.000
2,Ys Computers,Kab. Tanjung Jabung Barat,laptop acer swift 3 sangat slim core i5 generasi 7 warna silver,Rp3.500.000
3,mikamadu,Kab. Bekasi,Laptop Acer Swift AmdAthlon 300u Ram 8gb Ssd 512gb VGA 2gb Bisa Gaming,Rp3.550.000
4,ASALADA_TEKNO,Depok,"LAPTOP ACER SWIFT 3, AMD ATHLON 300U WITH RADEON, RAM 4GB, HDD 500GB",Rp3.600.000
5,danish smile,Jakarta Utara,Acer swift 3 A311 notebook,Rp3.800.000
6,Andruw Laptop,Kab. Kediri,Acer Swift SF114-33 Pentium N5030,Rp3.900.000
7,UMS Computer Solo,Kab. Sukoharjo,ACER SWIFT Intel Core i3 Gen 7 RAM 8GB SSD 256GB HDD 500GB,Rp3.950.000
8,Pandu aq,Jambi,Ultrabook Acer Swift 3 SF314 AMD Athlon 300U Radeon Fullset,Rp3.956.000
9,ilyas computer,Jakarta Barat,LAPT0P MURAH ACER SWIFT SF314-54G COREi3 GEN7 2VGA RAM 8GB HD 1TB-IC,Rp3.980.000
10,ThomsStore,Cimahi,acer swift 3 sf314 41 amd athlon,Rp4.000.000
11,Bisnis Laptop,Jakarta Selatan,Laptop Design Acer Swift Athlon 300U SSD512 VGA Radeon Backlight Mulus,Rp4.000.000
12,iansyahofficial,Jakarta Barat,Acer Swift 3,Rp4.000.000
13,Qphone,Surabaya,Laptop Acer swift 1 N20H2 4gb ssd 512gb 14inc,Rp4.000.000
14,CS COMP SHOP,Batam,acer swift 1 sf114 Celeron n4500,Rp4.000.000
15,TOP INDOJAYA,Jakarta Pusat,Motherboard Acer Swift 3 SF314-54 SF314-54G Core i3 Gen7 4GB,Rp4.014.000
16,Rasta Jaya Abadi,Bandung,Motherboard Acer Swift 3 SF314-54 SF314-54G Core i3 Gen7 4GB,Rp4.014.000
17,jessami,Kab. Pandeglang,Dijual Led acer swift 3 sf314 series Limited,Rp4.066.000
18,veza_laptop_store,Jakarta Selatan,ACER SWIFT SF314-41 AMD ATHLON 300U 8GB RAM 512GB SSD,Rp4.150.000
19,java solution computer,Malang,Acer Swift 3 sf314-14 AMD Athlon 300U Ram 4gb Ssd 512gb Scu6855,Rp4.150.000
20,Loka Jaya Komputer,Kab. Cianjur,Laptop acer swift sf114 pentium silver N6000 ssd 512gb pcIe,Rp4.150.000
21,LQA Store,Bandung,Acer Swift 3 SF314-54G SF314 54G i3 7020U 4GB Nvidia MX150 2Gb 1TB,Rp4.200.000
22,StreetsJakarta,Jakarta Selatan,Acer Swift Athlon 300U c191222,Rp4.200.000
23,ASALADA_TEKNO,Depok,"ACER SWIFT 3, AMD 300U, RAM 4GB, SSD 256GB SECOND MULUS NO MINUS",Rp4.200.000
24,ahli waris,Jakarta Selatan,Laptop acer swift,Rp4.200.000
25,Hardjan Store,Surakarta,Laptop Acer Swift SF314 - 51 ( White ) Second mulus - LIKE NEW,Rp4.250.000
26,solo elektronik murah,Surakarta,"Acer Swift 3 Core i5 gen 7 RAM 4GB SSD 128GB Layar 14"" slim mulus",Rp4.250.000
27,Megacom Skt,Surakarta,"Acer Swift 3 SF314 51 Core I5-7200U Ram 4Gb Ssd 128Gb 14"" | LIKE NEW",Rp4.250.000
28,LIEM_COM,Surakarta,Laptop Acer Swift 3 SF314-51 Core i5 Ram 4GB/128GB SSD 14 inch,Rp4.250.000
29,Hardjan Group,Surakarta,Laptop Acer Swift SF314 - 51 ( Silver ),Rp4.250.000
30,solo elektronik murah,Surakarta,"Acer Swift Core i5 gen 7 RAM 4GB SSD 128GB 13.3"" Slim Mulus No Minus",Rp4.250.000
31,ThinkpadPD,Jakarta Timur,Ultrabook Acer Swift 3 SF314 AMD Athlon 300U Radeon Fullset,Rp4.300.000
32,FocusMAC,Yogyakarta,Acer Swift 3 Amd Athlob,Rp4.300.000
33,alvinstore.2,Kab. Kudus,Acer Swift 1 SF114-34 Acer Swift1 N6000 RAM 4 GB SSD 512 GB Windows 1,Rp4.300.000
34,ArdLaptop_21,Kab. Tanjung Jabung Barat,Acer Swift 3 SF314-51 Core i5 7th gen Ram 8gb ssd 256gb,Rp4.300.000
35,Simanis Store Laptop,Bandung,Laptop Acer Swift 3 Amd Athlon 300U RAM 8/512GB LIKE NEW BACKLITE,Rp4.350.000
36,ikikikiki,Jakarta Barat,Laptop Design Slimm Tipiss - Acer Swift 1 Sf114-32 - Ssd Nvme 256Gb -,Rp4.428.000
37,robertkenny,Jakarta Barat,Laptop Design Slimm Tipiss - Acer Swift 1 Sf114-32 - Ssd Nvme 256Gb -,Rp4.428.000
38,jilbab8,Jakarta Utara,Laptop Acer Swift 1 Sf114-32 - Celeron N4000 - Ram 4Gb Ssd 256Gb -,Rp4.428.000
39,tokopediaselerdotidc,Jakarta Timur,Laptop Design Slimm Tipiss - Acer Swift 1 Sf114-32 - Ssd Nvme 256Gb -,Rp4.428.000
40,Kanankirigadget,Depok,"Acer swift 3 SF314-41, amd athlon 300u ram4ddr4/ssd256gb normal semua",Rp4.450.000
41,Putra Butur Cell,Jakarta Barat,Laptop Design Slimm Tipiss - Acer Swift 1 Sf114-32 - Ssd Nvme 256Gb -,Rp4.461.000
42,elahst,Jakarta Barat,Laptop Design Slimm Tipiss - Acer Swift 1 Sf114-32 - Ssd Nvme 256Gb -,Rp4.461.000
43,kedai zazahb,Jakarta Pusat,Laptop Design Slimm Tipiss - Acer Swift 1 Sf114-32 - Ssd Nvme 256Gb -,Rp4.461.000
44,J Z Shop,Jakarta Selatan,Laptop Design Slimm Tipiss - Acer Swift 1 Sf114-32 - Ssd Nvme 256Gb -,Rp4.461.000
45,AzisMM_Store,Bandung,Laptop Bekas Acer Swift SF314-41 Athlon 300U 8GB|256GB SSD,Rp4.475.000
46,kub,Jakarta Barat,Laptop Acer Swift 1 Sf114-32 - Celeron N4000 - Ram 4Gb Ssd 256Gb -,Rp4.493.000
47,toko doa abah,Jakarta Timur,Laptop Design Slimm Tipiss - Acer Swift 1 Sf114-32 - Ssd Nvme 256Gb -,Rp4.493.000
48,jilbab8,Jakarta Utara,Laptop Design Slimm Tipiss - Acer Swift 1 Sf114-32 - Ssd Nvme 256Gb -,Rp4.493.000
49,"Ahmad saiful,",Kab. Magelang,acer swift 3,Rp4.500.000
50,ProLaptopOfficial,Balikpapan,"ACER SWIFT SF 314-41, AMD ATHLON 2.40 GHZ, WINDOWS 10 PRO, SSD 512 GB",Rp4.500.000
51,Microline Computer,Jakarta Pusat,"ACER SWIFT 5 SF514-51 I7 7500U 8 GB SSD 512GB LAYAR 14"" FHD WIN10 HOME",Rp4.500.000
52,Hardjan Store,Surakarta,Laptop Bekas Murah Acer Swift SF314 - 51 ( Silver ) Second Mulus,Rp4.500.000
53,thalib_computer,Kab. Gowa,acer swift i3 ssd 256gb,Rp4.500.000
54,Al Fatih Computer Store,Bogor,laptop acer swift 1 intel pentium silver n6000 Ram 4 GB SSD 512 GB,Rp4.500.000
55,Home Store Laptop,Bandung,Laptop Acer Swift 3 AMD Athlon 300U 8GB SSD 256GB SUPER LIKENEW,Rp4.500.000
56,LIEM_COM,Surakarta,ACER SWIFT 3 SF314-5 CORE i5 RAM 4B/512GB SSD WIN.10 GARANSI 1 BULAN,Rp4.500.000
57,ThinkpadPD,Jakarta Timur,Ultrabook Acer Swift 3 SF314 Core i7 7500U Slim Mulu,Rp4.500.000
58,toko bagus39,Kab. Bantul,Acer Swift 3 core i3 mx150 2gb,Rp4.500.000
59,ThinkpadPD,Jakarta Timur,Ultrabook Acer Swift 3 Core i3 8130U Slim Mulus Fullset,Rp4.500.000
60,Murahkom Official,Surabaya,LENOVO IDEAPAD D330-10IGL INTEL N4020 8GB 128GB eMMC WIN10 Pro-2 in 1,Rp3.447.000
61,lapycomp,Surabaya,LENOVO V15 SERIES INTEL CELERON HDD 1TB RAM 4GB VGA INTEL HD - V15-IGL - IRON GREY,Rp3.590.815
62,lapycomp,Surabaya,"ASUS VIVOBOOK L510MA INTEL CEL N4020 4GB 128GB EMMC 15.6"" FHD WIN 10",Rp3.688.854
63,lapycomp,Surabaya,"ASUS VIVOBOOK L510MA-WB04 (N4020/4GB/128GB EMMC/15,6""FHD/WINDOWS 10)",Rp3.688.854
64,lapycomp,Surabaya,LAPTOP 3 JUTA-AN TOSHIBA DYNABOOK C40 INTEL 5205U SSD 256GB RAM 8GB - 4GB,Rp3.694.014
65,permata_nb,Bandung,acer swift 3 amd athlon 300u ram 4gb ssd 512 slim elegan mulus,Rp4.500.000
66,Dilagadotstore,Bandung,Laptop Acer Swift 3 Amd Athlon 300U RAM 8 GB SSD 512 GB LIKE NEW,Rp4.500.000
67,solo elektronik murah,Surakarta,Acer Swift 3 Core i3 gen 7 RAM 4GB HDD 1TB Nvidia MX150 Layar IPS FHD,Rp4.500.000
68,purnama notebook,Bandung,acer swift 1 fresh sf114 pentium n6000,Rp4.500.000
69,Well Grow Official,Bogor,acer swift 3 sf313-51,Rp4.500.000
70,Pandu aq,Jambi,Ultrabook Acer Swift 3 SF314 Core i3 7020 Nvidia Murah,Rp4.508.000
71,gahahansnana,Jakarta Barat,Laptop Design Slimm Tipiss - Acer Swift 1 Sf114-32 - Ssd Nvme 256Gb -,Rp4.526.000
72,kedai zazahb,Jakarta Pusat,Laptop Acer Swift 1 Sf114-32 - Celeron N4000 - Ram 4Gb Ssd 256Gb -,Rp4.526.000
73,PusatSparepart LaptopNew,Bandung,Laptop 2nd Acer Swift 3 AMD Athlon 300U 2.4GHz ram 8GB SSD 256GB blue,Rp4.557.000
74,kub,Jakarta Barat,Laptop Design Slimm Tipiss - Acer Swift 1 Sf114-32 - Ssd Nvme 256Gb -,Rp4.558.000
75,rm.karunia jaya,Jakarta Selatan,Laptop Design Slimm Tipiss - Acer Swift 1 Sf114-32 - Ssd Nvme 256Gb -,Rp4.558.000
76,online15.,Jakarta Barat,Laptop Design Slimm Tipiss - Acer Swift 1 Sf114-32 - Ssd Nvme 256Gb -,Rp4.558.000
77,Putra Butur Cell,Jakarta Barat,Laptop Acer Swift 1 Sf114-32 - Celeron N4000 - Ram 4Gb Ssd 256Gb -,Rp4.558.000
78,Abner Kelontong,Jakarta Barat,Laptop Design Slimm Tipiss - Acer Swift 1 Sf114-32 - Ssd Nvme 256Gb -,Rp4.558.000
79,Yulia Puspita shop,Jakarta Barat,Laptop Design Slimm tipiss - Acer Swift 1 SF114-32 - Ssd Nvme 256GB -,Rp4.565.000
80,PusatSparepart LaptopNew,Bandung,Laptop 2nd Acer Swift SF114-34 PS N6000 Ram 4GB SSD 512GB FHD,Rp4.575.000
81,backtolaptop BANDUNG,Bandung,Laptop Acer Swift 3 Intel Core i3-7020U RAM 4GB HDD 1TB+SSD 128GB,Rp4.599.000
82,StoryLaptop Bandung,Bandung,Laptop Acer Swift 3 Sf314-41 AMD Athlon 300U RAM 8 GB SSD 256 GB,Rp4.599.000
83,backtolaptop BANDUNG,Bandung,Laptop Acer Swift 3 Sf314-41 AMD Athlon 300U RAM 8 GB SSD 256 GB,Rp4.599.000
84,Pusat Online murah meriah,Kab. Tangerang,Acer Swift 3 Athlon 300U VEGA 3 2GB RAM 8GB SSD 512GB 14.0 FHD IPS W11,Rp4.599.000
85,Digital Center Official Shop,Bandung,Acer swift Sf314-41 AMD Athlon 300U Radeon vega mobile Gfx/RAM 8 GB/25,Rp4.600.000
86,Arisa Printer Official Store,Jakarta Selatan,ACER SWIFT SF314-57 SECOND MULUS NO MINUS,Rp4.600.000
87,MITRA JAYA KOMPUTER BENGKULU,Bengkulu,"ACER SWIFT 1-SF114-32, INTEL N5000, 4GB, 64GB, 14""FHD, WIN 10",Rp4.650.000
88,Cahayalaptopjogja,Kab. Sleman,Acer swift 3 14in IPS Core i3-7020U Nvidia MX150 2GB Ram 4GB 1TB HDD,Rp4.650.000
89,diva shp,Tangerang,acer swift 3 core i3 ssd 256 gb,Rp4.650.000
90,Toko Sussicahyantii,Jakarta Selatan,ACER SWIFT SF314-41 ATHLON 300U RAM 8GB SSD 512GB VEGA MOBILE GFX,Rp4.650.000
91,Yulia Puspita shop,Jakarta Barat,Laptop Acer Swift 1 SF114-32 - Celeron N4000 - Ram 4gb Ssd 256gb -,Rp4.663.000
92,AzisMM_Store,Bandung,Laptop Bekas Acer Swift SF114-34 PS N6000 4GB|512GB SSD FHD Backlit,Rp4.675.000
93,Gudang Laptop Surabaya,Surabaya,ACER SWIFT 3 SF314-56 CORE I5-8265U RAM 4 GB SSD 256 GB 14 INCH,Rp4.680.500
94,Suka Laptop,Surabaya,ACER SWIFT 3 SF 314-56 CORE I5-8265U RAM 4GB SSD 256GB 14 INCH ,Rp4.680.500
95,H3T Computer,Surabaya,ACER SWIFT 3 SF314-56 CORE I5-8265U RAM 4GB SSD 256GB 14 INCH,Rp4.680.500
96,Tokonya_lampu,Jakarta Barat,Laptop Design Slimm tipiss - Acer Swift 1 SF114-32 - Ssd Nvme 256GB -,Rp4.699.000
97,permata_nb,Bandung,Laptop Acer Swift 3 AMD Athlon 300U 8GB SSD 256GB MULUS,Rp4.699.000
98,mascomputer,Jakarta Selatan,acer swift sf314 54g,Rp4.700.000
99,hollyfighter34,Kab. Gresik,acer swift 3 day edition core i3 gen 7,Rp4.700.000
100,AzisMM_Store,Bandung,Laptop Bekas Acer Swift SF314-54G i3-7020U|MX150 4GB|128GB SSD|1TB OK,Rp4.700.000
101,Jihad Ayyub_Online,Yogyakarta,Laptop Design Slimm tipiss - Acer Swift 1 SF114-32 - Ssd Nvme 256GB -,Rp4.728.000
102,dr.com komputer,Jakarta Barat,"Acer Swift 3 SF314-54G, i3-7020U, 8/1Tb+256Gb, Nvidia GeForce MX150",Rp4.750.000
103,Computer tech store,Jakarta Barat,"PROMO ACER SWIFT 3 SF314 AMD RYZEN 3 5300U 8GB 256ssd 14"" FHD IPS W10",Rp4.759.300
104,Rasta Jaya Abadi,Bandung,Motherboard Acer Swift SF314-54 Core i5-8250U 4GB Strongbow KBL MB,Rp4.763.000
105,TOP INDOJAYA,Jakarta Pusat,Motherboard Acer Swift SF314-54 Core i5-8250U 4GB Strongbow KBL MB,Rp4.763.000
106,permata_nb,Bandung,Laptop Acer Swift 1 Intel Pentium Silver N6000 4GB SSD 512GB,Rp4.799.000
107,ssmedia,Kab. Kediri,"⚜️ LAPTOP ACER SWIFT 3 ⚜️ INTEL CORE i3 , RAM 4 SSD 256 MURAAHHH",Rp4.800.000
108,laptopbandungg,Bandung,laptop Acer Swift 1,Rp4.800.000
109,Evelin Riany,Kab. Semarang,ACER SWIFT 3 CORE I5-7200 RAM 4GB 128GB 14 FHD IPS MURAH POLL,Rp4.812.500
110,KOKO_SPAREPARTMOTOR,Pekanbaru,Laptop Design Slimm Tipiss - Acer Swift 1 Sf114-32 - Ssd Nvme 256Gb -,Rp4.845.000
111,azzahracomputer,Semarang,ACER SWIFT 3 SF314 i3-7020U / RAM 8GB / SSD 16GB / HDD 1TB,Rp4.850.000
112,PusatSparepart LaptopNew,Bandung,Laptop 2nd Acer Swift 3 Intel Core i3-7020U 4GB HDD 1TB + SSD 128GB,Rp4.850.000
113,alifbaim0404,Bogor,"LAPTOP ACER SWIFT 3/CORE I3-7020U/RAM 8GB/DUAL VGA NVIDIA 2GB/14"" FHD",Rp4.850.000
114,Kit Chen,Jakarta Selatan,Laptop Design Slimm tipiss - Acer Swift 1 SF114-32 - Ssd Nvme 256GB -,Rp4.861.000
115,anisa rizqi shop,Kab. Serang,Laptop Design Slimm Tipiss - Acer Swift 1 Sf114-32 - Ssd Nvme 256Gb -,Rp4.873.000
116,Jokis Computer,Magelang,Laptop Acer Swift 3 Core i3 Kabylake Nvidia MX150 Slim,Rp4.885.000
117,ThinkpadPD,Jakarta Timur,Ultrabook Acer Swift 3 SF314 Core i3 7020 Nvidia Murah,Rp4.900.000
118,D'com komputer,Depok,Acer Swift Sf3 14 Core i5 8250 Gen 8 Ram 8GB DDR4,Rp4.900.000
119,TechnoFast,Jakarta Barat,Laptop Bekas Acer Swift 3 SF314-41 Amd Athlon RAM 8GB SSD 256GB,Rp4.900.000
120,Pantai StoreLaptop,Bandung,Laptop Acer Swift 3 Atlon 300U 8/256 GB,Rp4.900.000
121,intan permatasari online,Kab. Lampung Barat,Laptop Design Slimm tipiss - Acer Swift 1 SF114-32 - Ssd Nvme 256GB -,Rp4.926.000
122,VJ Comp,Jakarta Pusat,Acer Swift 1 SF114-34 N4500 Memori 4 GB SSD 256 GB Win 10 Pro,Rp4.949.000
123,VJ Official,Jakarta Pusat,Acer Swift 1 SF114-34 N4500 Memori 4 GB SSD 256 GB Win 10 Pro,Rp4.949.000
124,CH Gadget,Jakarta Utara,Laptop ACER Swift 3 Core i5 Gen8 RAM 8GB / SSD 256GB 14 inch FHD,Rp4.949.010
125,lapycomp,Surabaya,LAPTOP 3 JUTA-AN TOSHIBA DYNABOOK C40 INTEL 5205U SSD 256GB RAM 8GB - 4GB,Rp3.694.014
126,Murahkom Official,Surabaya,Toshiba DynaBook Satellite Pro C40-G-13F N5205U RAM 4GB 256SSD WIN 11,Rp3.766.000
127,Murahkom Official,Surabaya,"LENOVO V15 IGL INTEL N4020 RAM 4GB 256GB SSD 15.6""HD WIN10 NEW GARANSI - 4GB+SSD 256GB",Rp3.766.000
128,KakiLima Comp,Kab. Tangerang,Lenovo IdeaPad Slim 3 14 Intel N4020 4GB 512SSD Free OHS,Rp3.909.000
129,lapycomp,Surabaya,"TOSHIBA DYNABOOK PRO C40 PROC INTEL CELERON 5205 RAM 8GB SSD 256GB 14""",Rp4.081.011
130,asus rog gl552vx,Kab. Sleman,Acer Swift 3 SF314-41.AMD Ryzen 5 3500U(4 core.8 thread).ram8gb.ssd512,Rp4.950.000
131,CYBERCRY.IT,Jakarta Barat,acer swift i5 8/256,Rp4.950.000
132,GIFT and SHIP,Jakarta Utara,"ACER SWIFT 1 SF114-34 N6000 [4GB 512GB SSD] 14"".0 FHD WIN10",Rp4.975.000
133,widyaastore2,Semarang,Acer Swift 1 SF114-32-P2PK Intel Pentium N5000 4GB 64GB MMC FHD Win1,Rp4.979.200
134,HEXA STORE BDO,Bandung,Acer Swift 3 SF314-41Amd Athlon 300u 8GB 256GB SSD Mulus,Rp4.990.200
135,dhim12,Kab. Brebes,"laptop acer swift sf314-54g second, i3 7020u, nvidia mx 150, ram 8gb",Rp4.994.000
136,Wimakomp Wima Komputer,Jakarta Utara,Laptop ACER Swift 3 Core i5 Gen8 RAM 8GB / SSD 256GB 14 inch FHD,Rp4.999.000
137,MuhamadYusupAbdulatipStore,Bandung,Laptop Acer Swift 3 SF314 Amd Athlon FULLSET,Rp5.000.000
138,Simanis Store Laptop,Bandung,Laptop Acer Swift 1 Intel Pentium Silver N6000 RAM 4/512GB LIKE NEW,Rp5.000.000
139,GALLERY LAPTOP,Bandung,acer swift sf314-41/amd athlon 300u/ssd-256gb/ram-4gb/vega 3/slim,Rp5.000.000
140,igzstore,Jakarta Pusat,Laptop 2021 Acer Swift SF 114 2021 4/128 SSD FHD BackLite Full SET,Rp5.000.000
141,IGZ STORE OFFICIAL,Jakarta Pusat,Laptop Slim Acer Swift SF 114 2021 Pentium Silver 4/128 SSD Lengkap,Rp5.000.000
142,Faris Arie,Jakarta Selatan,"ACER SWIFT 3 i5 8265U 12GB 1TB MX250 2GB 14""FHD SSD 250 GB Bekas",Rp5.000.000
143,Gusman_edutech,Bogor,acer swift sf314 - 54 series,Rp5.000.000
144,Aisah Komputer Kudus,Kab. Kudus,"Acer Swift 3 SF313-51-514S/Core i5-8250U/8GB/256 SSD/13,3 inch/Windows",Rp5.000.000
145,Lesya-Shop,Jakarta Selatan,Acer Swift 3 Sf314-54g Intel core i5-8250U Ram 8GB SSD-512GB (CODING),Rp5.000.000
146,ClayLukeshop,Tasikmalaya,Laptop Acer Swift 3 SF313-51 13,Rp5.000.000
147,ELECTRONIC CENTER BANDUNG,Bandung,Acer Swift 3 SF314-41Amd Athlon 300u 8GB 256GB SSD Mulus,Rp5.030.323
148,Second Gadget Store 2,Kab. Sleman,[SKU 2080] Laptop Acer swift 3 SF314 55G,Rp5.050.000
149,Laptop Ideal,Pekanbaru,Acer Swift SF114-32 (2020) SLIM Quad Core RAM 4 GB SSD 256 GB FULLHD,Rp5.050.000
150,Loka Jaya Komputer,Kab. Cianjur,Laptop Acer Swift 3 sf314 core i3-7020 Nvidia mx150gb FHD IPS 1080p,Rp5.150.000
151,Master Dealer,Jakarta Pusat,ACER SWIFT SF314-54 I3-8130U @2.20 GHZ GEN8 RAM 4 GB SSD 128 GB,Rp5.199.000
152,Dion computer,Jakarta Pusat,ACER SWIFT SF314-54 I3-8130U @2.20 GHZ GEN8 RAM 4 GB SSD 128 GB,Rp5.199.000
153,Lstore.,Jakarta Barat,acer swift 3 i5,Rp5.199.000
154,Kota Ujung Timur Jawa,Kab. Banyuwangi,acer swift 3 athlon gold 8gb,Rp5.200.000
155,REOG KOMPUTER,Kab. Ponorogo,ACER SWIFT 3 Day intel Core i5 Nvidia MX 150 Slim Gaming dan Desain,Rp5.200.000
156,ThinkpadPD,Jakarta Timur,Laptop Ultrabook slim Acer Swift SF313-51 Murah,Rp5.200.000
157,lulu laptopz,Kab. Ponorogo,ACER SWIFT 3 Day intel Core i5 Nvidia MX 150 Slim Gaming dan Desain Gr,Rp5.200.000
158,FalianAridua,Jakarta Barat,"ACER Swift 3 SF314-41 14"" Athlon 300U DDR4 8GB SSD 256GB FHD Win11",Rp5.250.000
159,V2 ELECTRONIC,Jakarta Barat,Laptop Acer Swift SF314-41 AMD Athlon 300U | 8GB | SSD 256GB | Win10,Rp5.250.000
160,OWASTORE,Depok,acer swift 3 dual storage dual vga rasa baru i5 gen 8,Rp5.300.000
161,Sewu comp,Surabaya,ACER SWIFT 1 SF114-34-P2UV PENTIUM SILVER N6000 4GB SSD 512GB UHD WIN,Rp5.300.000
162,Sewu comp,Surabaya,acer swift 1 sf114 34 New,Rp5.300.000
163,Shoozay,Jakarta Selatan,ACER SWIFT SF514 TOUCH I5 1035G1 8GB RAM 256GB SSD FHD CAM BACKLIT MUL,Rp5.300.000
164,Wimakomp Wima Komputer,Jakarta Utara,Laptop ACER SWIFT 314-54 Core I5 Gen8 RAM 8 GB / SSD 256GB 14 inch FHD,Rp5.300.000
165,Sewu comp,Surabaya,acer swift 1 sf114 34 fullset,Rp5.300.000
166,Sewu comp,Surabaya,acer swift 1 sf114 34,Rp5.300.000
167,FaqihAzzaqi,Kab. Cirebon,ACER SWIFT 3 4314 RYZEN 5 3500U RAM 8GB SSD512 FHD14 FREE KEYMOUSE WR,Rp5.300.000
168,P COMP STORE,Bandung,Laptop Acer Swift 1 Pentium Silver N6000 Ram 4gb/SSD 512GB like new,Rp5.350.000
169,IGZ STORE OFFICIAL,Jakarta Pusat,Laptop Slim Acer Swift SF 114 2021 Pentium Silver 4/256 SSD Lengkap,Rp5.350.000
170,JAVA PROJECT COMPUTERINDO,Jakarta Barat,ACER SWIFT 1 SF114-34 C0JX.SILVER SSD SERIES,Rp5.350.000
171,igzstore,Jakarta Pusat,Laptop 2021 Acer Swift SF 114 2021 4/256 SSD FHD BackLite Full SET,Rp5.350.000
172,astracomsby,Surabaya,acer swift alfa 12,Rp5.400.000
173,SKATE COM,Kab. Bogor,acer swift 3 core i5 second,Rp5.400.000
174,ThinkpadPD,Jakarta Timur,Ultrabook Acer Swift 3 Core i3 gen 7 SSD Slim Nvidia MX150 Mulus,Rp5.400.000
175,Pandu aq,Jambi,Ultrabook Acer Swift SF514 Core i5 1135G7 Touch Backlight Slim Murah,Rp5.428.000
176,VJ Official,Jakarta Pusat,Acer Swift 1 SF114-34 N4500 Memori 4 GB SSD 512 GB Win 10 Pro,Rp5.449.000
177,VJ Official,Jakarta Pusat,Acer Swift 1 SF114-34 N4500 Memori 8 GB SSD 256 GB Win 10 Pro,Rp5.449.000
178,VJ Comp,Jakarta Pusat,Acer Swift 1 SF114-34 N4500 Memori 4 GB SSD 512 GB Win 10 Pro,Rp5.449.000
179,VJ Comp,Jakarta Pusat,Acer Swift 1 SF114-34 N4500 Memori 8 GB SSD 256 GB Win 10 Pro,Rp5.449.000
180,AD COMPUTER,Bekasi,Acer Swift 1 SF114-34 N4500 4 GB SSD 256 GB Win 10 Pro,Rp5.450.000
181,IQAA,Bandung,Laptop Acer Swift 3 256Gb Nvme 4Gb Ram i3,Rp5.450.000
182,Al Fatih Computer Store,Bogor,acer swift 3 core i5 Gen 8 Ram 8 Gb SSD 256 GB Keyboard bcklit FULLSET,Rp5.490.000
183,Al-Fa Computer Semarang,Semarang,"Acer Swift 3 SF314-54G – Core i5-8250U|8GB|1TB+256GB|MX150|14"" FHD IPS",Rp5.499.000
184,Master Dealer,Jakarta Pusat,ACER SWIFT 3 Core i5-8250U RAM 8GB / SSD 256GB,Rp5.499.000
185,3-Way Computer,Semarang,"Acer Swift 3 SF314-54G – Core i5-8250U|8GB|1TB+256GB|MX150|14"" FHD IPS",Rp5.499.000
186,RR_KOMPUTER_JOGJA,Yogyakarta,"LAPTOP ACER SWIFT 3 INTEL I7-8565U RAM 8GB DDR4 14""INCH FHD SSD 256GB ",Rp5.500.000
187,En_tech,Semarang,ACER SWIFT 3 Premium Ryzen 5-3500 Ram8 Ssd512 Baclith W11,Rp5.500.000
188,VINACOM ELECTRONIC,Jakarta Barat,Laptop Acer Swift SF314-41 AMD Athlon 300U | 8GB | SSD 256GB | Win10,Rp5.500.000
189,Sastra Komputer,Tasikmalaya,Acer Swift 3. i3 7th. 8/256GB. VGA MX 130 2GB. Fullset Like New,Rp5.500.000
190,Murahkom Official,Surabaya,"LENOVO V15 ADA AMD RYZEN 3-3250U RAM 4GB/8GB 1TB HDD WIN 10 15.6""HD - 4GB+HDD 1TB",Rp4.560.000
191,KakiLima Comp,Kab. Tangerang,Infinix X2 Intel I3 1005G1 4GB 256SSD FHD IPS 100sRGB W11 Grey Metal - UNIT ONLY,Rp4.572.000
192,Computer Hall,Bandung,LAPTOP ACER ASPIRE 3 A314 22 AMD ATHLON RAM 12 GB SSD 256 GB + HDD 1TB,Rp4.599.000
193,Murahkom Official,Surabaya,"HP 14s DQ0508TU - INTEL N4120 4GB 256SSD INTEL UHD WIN11+OHS 14.0""HD - RAM 4GB",Rp4.758.000
194,KakiLima Comp,Kab. Tangerang,Laptop Infinix X1 Intel i3 Ram 8GB SSD 256GB Windows 11 FHD IPS Metal,Rp4.925.000
195,Yugs Vapehouse,Banjarbaru,Acer Swift 3 SF314-56G Silver,Rp5.500.000
196,My Oppa Shop,Jakarta Barat,LAPTOP ACER SWIFT 3 AIR SF313-51 INTEL CORE i5 MURAH ORIGINAL,Rp5.500.000
197,java solution computer,Malang,Acer Swift SF314-54G Core i3 7020U 4gb 1000gb Nvidia MX150 FHD Scu9097,Rp5.500.000
198,Rusmayana,Kab. Tangerang,"Acer Swift 3 core I3, Ram 12gb",Rp5.500.000
199,arsy laptop,Surabaya,Acer swift 3 core i5 generasi 8 Nvidia ssd,Rp5.500.000
200,ujephotography,Kab. Cirebon,laptop acer swift 3 ryzen 5 3500u,Rp5.500.000
201,Dion computer,Jakarta Pusat,ACER SWIFT 3 CORE I5 GEN 8 RAM 8GB SSD 256GB,Rp5.500.000
202,Sigotompeber,Jakarta Pusat,"Laptop acer swift 3 sf314-54g intel core I5 gen8Th, ram 8Gb, Hdd 1 TB",Rp5.500.000
203,Glennrui Project,Kab. Bogor,acer swift 1 fresh sf114 pentium n6000,Rp5.500.000
204,Sigotompeber,Jakarta Pusat,"Laptop acer swift 3 sf314-54g intel core I5 gen8Th ram 8Gb, Hardsk 1tb",Rp5.500.000
205,java solution computer,Malang,Acer Swift 3 Core i3 Ram4Gb Nvidia Mx150 Scu5892,Rp5.500.000
206,Master Dealer,Jakarta Pusat,ACER SWIFT 3 CORE I5 GEN 8 RAM 8GB SSD 256GB,Rp5.500.000
207,Anggie bagaskara,Kab. Tangerang,laptop acer swift 3,Rp5.500.000
208,Jinan computer,Cimahi,acer swift sf314 54g,Rp5.550.000
209,Centro-Computer,Bandung,Acer Swift 3 SF314 Core i5 8th 8GB 128GB SSD 1TB HDD Muluss,Rp5.550.000
210,gadgetmurahcom,Surabaya,"ACER SWIFT 1 SF114-34-P3ZB|N6000|4GB RAM|512 SSD|14""FHD IPS |W10 GOLD",Rp5.557.000
211,gadgetmurahcom,Surabaya,"ACER SWIFT 1 SF114-34-P3ZB/P2VU|N6000|4GB RAM|512 SSD|14""FHD |W10 SR",Rp5.557.000
212,Wimakomp Wima Komputer,Jakarta Utara,ACER SWIFT 3 i3-8130U Gen 8 cooyyy RAM 4 GB SSD 128 GB Fast boot,Rp5.599.000
213,Dion computer,Jakarta Pusat,ACER SWIFT 3,Rp5.599.999
214,REOG KOMPUTER,Kab. Ponorogo,ACER Swift 3 intel Core i5 Ram 12 GB Nvidia MX 150 ultra slim laptop,Rp5.600.000
215,java solution computer,Malang,Acer Swift 3 Series StellarBlue -PastiCashBack,Rp5.600.000
216,IGZ store,Jakarta Pusat,Laptop Acer Swift 1 Intel N5030 RAM4GB SSD256GB Mulus Fullset,Rp5.600.000
217,personal komputer,Pekanbaru,Acer swift 5 i5 gen 7,Rp5.600.000
218,LAPTOPMURAH.COM,Bandung,Acer Swift 3 SF314-52 Full HD Backlit Core i5-8250U (Gen-8) 1.8GHz,Rp5.600.000
219,Pusat Wallpaper Pati,Kab. Pati,Laptop Acer Swift 3 SF314 Ryzen 5 3500u Ram 12gb/512gb Mulus Fullsett,Rp5.600.000
220,java solution computer,Malang,Acer Swift 3 Series StellarBlue,Rp5.600.000
221,java solution computer,Malang,Acer Swift 3 Series StellarBlue Promo10,Rp5.600.000
222,i-Store Online,Surabaya,ACER SWIFT 1 SF114-34-P008/P2VU/P3ZB_PENTIUM SILVER-N6000/4GB/SSD512,Rp5.624.000
223,Promota-Store,Surabaya,ACER SWIFT 1 - P2VU/P3ZB PENTIUM SILVER-N6000/4GB/SSD 512/14' FHD IPS/,Rp5.625.000
224,gadget-center,Surabaya,LAPTOP ACER SWIFT 1- P3ZB/N6000/4GB/SSD 512/FHD IPS/WIN10+OHS/RESMI,Rp5.635.000
225,gadget-center,Surabaya,LAPTOP ACER SWIFT 1- P2VU/N6000/4GB/SSD 512/FHD IPS/WIN10+OHS/RESMI,Rp5.635.000
226,dr.com komputer,Jakarta Barat,"Laptop Acer Swift 3 SF314-54G, Core i3-7020U, 4/256Gb, #Dualvga, Mulus",Rp5.650.000
227,Sega Hobby Mataram,Mataram,laptop acer swift 3 amd athlon,Rp5.679.000
228,IT-Mart,Jakarta Utara,"ACER SWIFT 1 Fresh SF114-34 PENTIUM SILVER N6000 RAM 4GB 512GB SSD 14""",Rp5.699.000
229,IBM COMPUTER,Semarang,ACER SWIFT 314 -51 CORE I5 SSD ISTIMEWA,Rp5.699.000
230,berkah_rizki12,Kab. Wonosobo,acer swift 3 sf314,Rp5.700.000
231,MasterComputer1,Jakarta Pusat,ACER Swift 3 sf315-51G i7 Gen 8 RAM 8GB SSD 128GB,Rp5.700.000
232,semaranglaptop,Semarang,ACER SWIFT SF314-54G,Rp5.700.000
233,Apex Predator,Semarang,Acer Swift 3 i3 gen7 NVIDIA MX150 4GB/12GB 12GB 128GB SSD NVME 1TB HDD,Rp5.750.000
234,Simanis Store Laptop,Bandung,Laptop Acer Swift 3 Intel core i5-8250U RAM 4 GB SSD 256GB MX150,Rp5.750.000
235,permata_nb,Bandung,acer swift 3 sf314 core i5 gen 7 ram 4/256gb ssd slim elegan,Rp5.750.000
236,Laptop & Hp Pamulang,Tangerang Selatan,"ACER SWIFT 3 AMD Athlon 300u/4GB/SSD 256GB/14"" FHD/ WIN10/ SILVER",Rp5.799.000
237,Home Store Laptop,Bandung,Laptop Acer Swift 3 Intel Core i5-8250U 8GB SSD 256GB MX250 LIKENEW,Rp5.799.000
238,Bajengan Store,Tangerang,Laptop Acer Swift 3 SF314-41 Athlon 300 4GB 512ssd Vega 3 W10 14.0FHD,Rp5.799.000
239,gustiansstore,Bandung,laptop acer swift 3,Rp5.800.000
240,IGZ STORE OFFICIAL,Jakarta Pusat,Laptop Slim Acer Swift SF 114 2021 Pentium Silver 4/512 SSD Lengkap,Rp5.800.000
241,computer center 2,Jakarta Pusat,ACER SWIFT 3 Core i5-8250U RAM 8GB / SSD 256GB,Rp5.800.000
242,IGZ store,Jakarta Pusat,Laptop Acer Swift 1 Intel N5030 RAM4GB SSD512GB Mulus Fullset,Rp5.800.000
243,khrisna computer,Semarang,Acer swift backlight SSD 512 NVME GRNSI,Rp5.800.000
244,computer center 2,Jakarta Pusat,ACER SWIFT 3 CORE I5 GEN 8 RAM 8GB SSD 256GB,Rp5.800.000
245,igzstore,Jakarta Pusat,Laptop 2021 Acer Swift SF 114 2021 4/512 SSD FHD BackLite Full SET,Rp5.800.000
246,Pernak Pernik Gadget,Surabaya,LAPTOP RESMI Acer Swift 1 SF114-34-P2VU 4 GB LPDDR4X 512GB SSD SILVER,Rp5.803.912
247,cahaya negeri,Surabaya,PROMO LAPTOP RESMI Acer Swift 1 SF114-34-P2VU Silver SSD 512GB FULL HD,Rp5.829.000
248,KingGadget Official,Surabaya,Laptop Murah Acer Swift P2VU Intel N6000 4GB 512GB SSD 14 WIN 10 RESMI,Rp5.829.000
249,lapycomp,Surabaya,"ACER SWIFT-P2VU RESMI PENTIUM SILVER | 4GB | 512GB SSD | 14"" FHD IPS",Rp5.829.000
250,cahaya negeri,Surabaya,PROMO LAPTOP RESMI Acer Swift 1 SF114-34-P3ZB Silver SSD 512GB WIN 10,Rp5.829.000
251,Computer tech store,Jakarta Barat,PROMO Laptop Acer Swift 3 Evo i5 1135G7 8Gb 512Gb Ssd FHD Ips W11 New,Rp5.844.300
252,HERMAWAN @1,Bandung,Acer Swift 3,Rp5.850.000
253,Vanny ulfa,Kab. Semarang,Berkualitas Mobo Motherboard Mesin Acer Swift 3 SF314-45G SF314-56G,Rp5.850.000
254,club store,Bandung,Acer swift SF314-41 Ryzen 5 3500/8G/512G/14 FHD/Radeon Vega 8,Rp5.850.000
255,lapycomp,Surabaya,"ACER ASPIRE A314-22-R3FS AMD RYZEN3-3250U 4GB 256GBNVME 14"" AMD RADEON - 4GB",Rp5.001.548
256,lapycomp,Surabaya,LENOVO V15-G1-IML BARU INTEL CORE i3-10110U 8GB RAM 1TB HDD LAYAR 15.6 - 4GB,Rp5.205.366
257,lapycomp,Surabaya,"LENOVO V15-G1 CORE i3-10110U 12GB 1TB 15.6"" FREE TAS LENOVO V15 SERIES - 4GB",Rp5.205.366
258,Murahkom Official,Surabaya,Toshiba DynaBook Satellite Pro C40-G-11 Core i3-10110U 8GB SSD 256GB,Rp5.232.000
259,lapycomp,Surabaya,ASUS X515FA-EJ157W INTEL i3-10110U 12GB RAM WIN 11 HDD 1TB + SSD 180GB - 8GB RAM,Rp5.256.966
260,Rimas Laptop Official,Bekasi,LAPTP ACER SWIFT ALPHA 12 i5 RAM 8 256 SSD BEKAS SECOND,Rp5.850.000
261,Simanis Store Laptop,Bandung,Laptop Acer Swift 3 Intel Core i5-8265U RAM 8/256GB VGA MX250 LIKE NEW,Rp5.850.000
262,Kharisma Ardief,Kab. Semarang,Dijual Mobo Motherboard Mesin Acer Swift 3 SF314-45G SF314-56G Murah,Rp5.850.000
263,SROCOMPUTER.ID,Bandung,Acer Swift 3 SF314-52 Full HD Backlit Core i5-8250U (Gen-8) 1.8GHz,Rp5.850.000
264,geniuscomputercenter mks,Makassar,Acer Swift 3 SF314-41(R4UZ-R7Ax),Rp5.850.000
265,M2M Komputer,Jakarta Pusat,"ACER SWIFT 1 SF114-34 - PENTIUM N6000 4GB 512GB 14"" FHD IPS W10 OHS",Rp5.888.000
266,rulanr_store,Kab. Blora,laptop acer swift 3 sf314 41 ryzen 5 3500u ssd 512 GB 12 RAM 2 chanel,Rp5.890.000
267,permata_nb,Bandung,Laptop Acer Swift 3 Intel Core i5-8250U 8GB SSD 256GB MX250 MULUS,Rp5.899.000
268,Brahmasta comp,Surabaya,Acer Swift 1 SF114-34-P3ZB Intel Pentium Silver N6000 Ram 4GB SSD 512G,Rp5.900.000
269,Brahmasta comp,Surabaya,Acer Swift 1 SF114-34-P3ZB Intel Pentium Silver N6000 Ram 4GB SSD 512,Rp5.900.000
270,Brahmasta comp,Surabaya,Laptop Acer Swift 1 SF114-34-P3ZB Intel Pentium Silver N6000/4GB/512G,Rp5.900.000
271,Serenity Mall,Jakarta Utara,ACER SWIFT SF514 52T i5 8250U RAM 8GB - 512GB SSD - TOUCHSCREEN,Rp5.900.000
272,Bisma Computer,Kab. Lamongan,Acer swift 3 sf314-54G core i5 gen 8,Rp5.900.000
273,KHALISA KOMPUTER SEMARANG,Semarang,LAPTOP ACER SWIFT CORE I5th8 NVIDIA MX150,Rp5.900.000
274,Putra Mandiri_Store,Jakarta Timur,Acer Swift 3 (SF314-41),Rp5.900.000
275,galeria computer,Bandung,acer swift 1 sf114 / PENTIUM SILVER N6000 / 4GB / 512GB / FHD IPS,Rp5.900.000
276,IDNScattee,Tangerang,Acer Swift 1 SF114-34,Rp5.920.000
277,VJ Comp,Jakarta Pusat,Acer Swift 1 SF114-34 N4500 Memori 8 GB SSD 512 GB Win 10 Pro,Rp5.949.000
278,intctangcity,Tangerang,Acer swift 3 AMD Athlon 300U 4GB RAM 512GB SSD Vega 3 W10,Rp5.949.000
279,VJ Official,Jakarta Pusat,Acer Swift 1 SF114-34 N4500 Memori 8 GB SSD 512 GB Win 10 Pro,Rp5.949.000
280,musicomputer,Bogor,Acer Swift i5-8250 SSD 240GB NVME HDD 1TB Layar IPS FHD Ram 8GB DDR4,Rp5.950.000
281,CSR Computer Bogor,Bogor,LAPTOP ACER SWIFT AMD RYZEN 5-3500U RAM 8GB SSD 512GB 14 INCH FHD IPS,Rp5.950.000
282,Laptop Ideal,Pekanbaru,Acer Swift SF514-51 Ultra thin i7 gen 7 RAM 8 GB SSD 512 GB FHD Backli,Rp5.950.000
283,falishaharum shop,Surabaya,Laptop Murah Acer Swift 1 SF114 N5000 4GB 192GB 14.0FHD IPS W10 ORI,Rp5.957.900
284,PusatSparepart LaptopNew,Bandung,Laptop acer swift 3 SF314-54G i5-8250U MX150 Ram 4 GB SSD 256 GB Ok,Rp5.975.000
285,YourITstore,Surabaya,"ACER SWIFT SF114 34 INTEL N6000 4GB 512 14""HD WIN10 OHS",Rp5.989.000
286,Maha Gadget Solo-Jogja,Kab. Sleman,Acer Swift 3 SF314-56G,Rp5.990.000
287,backtolaptop BANDUNG,Bandung,Laptop Acer Swift 3 SF314-41 AMD Ryzen 5 3500U RAM 8GB SSD 512GB,Rp5.999.000
288,Amora_Computer,Jakarta Timur,(BANYAK BONUS) Acer Swift 3 SF314-41-R0V8 [AMD Athlon/4GB/512SSD],Rp5.999.000
289,khrisna computer,Semarang,Acer swift ryzen 5 backlight ssd 512,Rp5.999.000
290,Home Store Laptop,Bandung,Laptop Acer Swift 3 Intel Core i5-8250U 8GB SSD 128GB + HDD 1TB MX150,Rp5.999.000
291,RyComputerAksesoris,Jakarta Pusat,Acer swift 1 intel pentium silver N5030 Ram 4gb ssd 5112gb Windows 10,Rp5.999.999
292,GadgetXoneZ,Jakarta Barat,acer swift 1 sf114 34 p3zb Second Like New Fullset Garansi Resmi,Rp5.999.999
293,Elctronics,Bandung,acer swift 3 i5 8250u,Rp6.000.000
294,klik.ID,Jakarta Pusat,Acer Swift 3 SF314-41 Athlon 300U|RAM 4GB|256GB SSD|Vega 3|Win10|FHD,Rp6.000.000
295,DissantsStore,Jakarta Selatan,ACER SWIFT 5 SF515 I7 8565U 8GB RAM 512GB SSD,Rp6.000.000
296,Home IT malang,Malang,Acer swift Amd Athlon,Rp6.000.000
297,CNT Computer,Kab. Deli Serdang,acer Swift 5 Core i5-8250U 8/512gb nvme ultrabook,Rp6.000.000
298,DEMOCIS,Cimahi,Acer Swift 1 SF114-33 NX.A3KSN.002 Intel Pentium Silver N5030 4 GB D,Rp6.000.000
299,Dilagadotstore,Bandung,Laptop Acer swift 3 Intel Core i5-8265U RAM 8 GB SSD 256 GB LIKE NEW,Rp6.000.000
300,Centro-Olshop,Bandung,Acer Swift 3 SF314 i5 8th/ 8GB /128GB SSD /1TB HDD,Rp6.000.000
301,IP STORE COMPUTER,Bandung,Acer Swift 3 Core i5 Gen 8/Ram 12GB/SSD 256GB+HDD 1TB/FHD/VGA MX150,Rp6.000.000
302,SD computech,Bandung,Acer Swift 3 Sf314-54g Intel core i5-8250U Ram 8GB HDD 1TB Mx 150 2gb,Rp6.000.000
303,RoymingseShop,Surabaya,Acer swift 3 mulus,Rp6.000.000
304,Fiza Gadgets,Jakarta Timur,"ACER SWIFT 3 SF314-42 AMD RYZEN 5 4500U 8GB RAM 512GB SSD 14"" FHD IPS",Rp6.000.000
305,DissantsStore,Jakarta Selatan,ACER SWIFT 5 SF515 TOUCH I7 8565U 8GB RAM 512GB SSD,Rp6.000.000
306,Abanglaptopsibuea07,Bandung,ACER SWIFT SF314-52CORE I5-8250U 8CPUs 1.8GHz,Rp6.000.000
307,JAVA COMP SURABAYA,Surabaya,"ACER SWIFT 3 SF314-41 AMD ATHLON 300u 8GB(DUAL) 256GB SSD 14""IPS WIN10",Rp6.000.000
308,Gayattri Store,Medan,Acer Swift 3 SF314 Athlon 300U/4gb/256gb SSD 14 inch Win 10,Rp6.000.000
309,Digital Space Solusindo,Jakarta Pusat,"Laptop ACER Swift 1 Fresh SF114-34-P2VU N6000 4GB SSD512 14"" FHD IPS",Rp6.077.000
310,Kedai Laptop Com,Jakarta Pusat,ACER SWIFT 1 FRESH SF114 34 P2VU/P3ZB - Pentium N6000 4GB 512ssd 14FHD,Rp6.079.000
311,Adain Aja,Jakarta Barat,"Acer NEW Swift 3 Acer Day SF314-41-R7AX AMD Athlon™300U 14"" 4GB",Rp6.089.000
312,A-Trinity Komputer,Jakarta Pusat,"Laptop ACER Swift 1 SF114-34-P2VU/P3ZB N6000 4GB SSD512 14"" FHD IPS",Rp6.097.000
313,PusatSparepart LaptopNew,Bandung,Laptop 2nd Acer Swift 3 AMD Ryzen 5 3500U 2.1GHz ram 8GB SSD 512GB OK,Rp6.099.000
314,Al-Fa Computer Semarang,Semarang,"Acer Swift 3 SF314-41 - AMD Ryzen 5 3500U|8GB|1TB+256GB|14"" FHD IPS",Rp6.099.000
315,it store tasikmalaya,Tasikmalaya,ACER SWIFT 3 SF314-41-R5NY/R0V8,Rp6.099.000
316,3-Way Computer,Semarang,"Acer Swift 3 SF314-41 - AMD Ryzen 5 3500U|8GB|1TB+256GB|14"" FHD IPS",Rp6.099.000
317,RHEMACOMJOGJATRONIK,Yogyakarta,"ACER SWIFT 3 SF314-41-/AMD Athlon 300U /4 GB /512 GB/ FHD,IPS/Vega 3",Rp6.099.000
318,Adain Aja,Jakarta Barat,"[EXT WARRANTY]Acer Swift 3 SF314-41-R5NY NX.HFESN.008 [14"" FHD/Athlon",Rp6.099.000
319,S4MN Gadget,Surabaya,acer Swift 3 Ultrabook Red Edition,Rp6.099.900
320,Murahkom Official,Surabaya,Toshiba DynaBook Satellite Pro C40-G-11 Core i3-10110U 8GB SSD 256GB,Rp5.232.000
321,lapycomp,Surabaya,ASUS X515FA-EJ157W INTEL i3-10110U 12GB RAM WIN 11 HDD 1TB + SSD 180GB - 8GB RAM,Rp5.256.966
322,Shoozay,Jakarta Selatan,ACER SWIFT SF514 TOUCH I5 1035G1 8GB RAM 256GB SSD FHD CAM BACKLIT MUL,Rp5.300.000
323,Wimakomp Wima Komputer,Jakarta Utara,Laptop ACER SWIFT 314-54 Core I5 Gen8 RAM 8 GB / SSD 256GB 14 inch FHD,Rp5.300.000
324,Murahkom Official,Surabaya,LAPTOP LENOVO V15-G1 15IML INTEL i3-10110U 4GB/8GB HDD 1TB 15.6 - Grey - RAM 4GB+1TB,Rp5.344.000
325,Bisnis Laptop,Jakarta Selatan,Laptop Gaming Acer Swift SF314-41 Ryzen 5 Backlight Radeon Slim Mulus,Rp6.100.000
326,T_arena,Jakarta Barat,Acer swift i5 3.4Ghz Quadcore 8GB DDR4 SSD 256 GB,Rp6.100.000
327,HERO COMPUTER JOGJA,Kab. Sleman,acer swift 3 athlon 300u,Rp6.100.000
328,permata_nb,Bandung,Laptop Acer Swift 3 Intel Core i5-8250U 8GB SSD 128GB + HDD 1TB MX150,Rp6.100.000
329,klik.ID,Jakarta Pusat,Acer Swift 3 SF314 Athlon 300U|8GB|256GB SSD|Vega 3|Win10|FHD,Rp6.100.000
330,MSR_OFFICIAL,Jakarta Barat,"Laptop Acer Swift 3 SF314-54G, Gaming Editing",Rp6.100.000
331,AzisMM_Store,Bandung,Laptop Bekas Acer Swift SF314-41 AMD Ryzen 5 3500U 8GB|512GB SSD OK,Rp6.119.000
332,HEXA STORE BDO,Bandung,Acer Swift 3 SF314-41 Amd Ryzen 5 3500U 8GB SSD 512GB Bekas Mulus,Rp6.123.200
333,MKS Computer Official,Kab. Sleman,Laptop Acer Swift 1 SF114-34-008 - Silver,Rp6.135.000
334,BERJAYA ID,Jakarta Pusat,ACER SWIFT 1 FRESH SF114-34 INTEL PENTIUM N6000 SSD512GB RAM4GB 14IPS,Rp6.149.000
335,Kurnia Abadi Semesta,Jakarta Pusat,"ACER SWIFT 1 SF114-34 - PENTIUM N6000 4GB 512GB 14"" FHD IPS W10 OHS",Rp6.149.000
336,Difi Shop,Bekasi,"Acer swift 3 (sf314 54g) Core i5, ram 12 Gb ssd 240 Gb, MX150 2GB",Rp6.150.000
337,dr.com komputer,Jakarta Barat,"Laptop Acer Swift 3 SF314-54G, Intel Core i5-8250U, Ram 4/256Gb, Slim",Rp6.150.000
338,Digital Center Official Shop,Bandung,Acer Swift SF314-14 series amd ryzen 5-5500U Ram 8 GB SSD 512 GB,Rp6.150.000
339,ZEOCOM,Jakarta Barat,laptop acer swift SF 314-41 AMD Athion 300U 8G I SSD 256GB I Win10,Rp6.150.000
340,StarElektronikCom,Jakarta Barat,Laptop Acer Swift SF314-41 AMD Athlon 300U 8GB SSD 256GB Win10,Rp6.150.000
341,Computer tech store,Jakarta Barat,PROMO Laptop Acer Swift 5 Touch I5 1135G7 8GB 512SSD W11 14.0FHD IPS,Rp6.159.300
342,Toserba Makmur Jaya,Kab. Sidoarjo,ACER SWIFT 3 SF314 56G Intel Core i5 GeForce MX250 RAM 12 GB SSD HDD,Rp6.159.500
343,Supertech Medan,Medan,NOTEBOOK ACER SWIFT 1 FRESH SF114-34-P008 N6000 4GB 512SSD 14 FHD W10,Rp6.175.800
344,Dealer Laptop,Jakarta Barat,"ACER Swift 1 Fresh SF114 34 Pentium Silver N6000 4GB 512GB SSD 14"" FHD",Rp6.192.000
345,backtolaptop BANDUNG,Bandung,Laptop Acer Swift 3 SF314-54G Intel Core i5-8250U RAM 4GB SSD 256GB,Rp6.199.000
346,MEDANGROSIR 2020,Medan,"ACER SWIFT 1 SF114-34 - PENTIUM N6000 4GB 512GB 14"" FHD IPS W10 OHS",Rp6.199.000
347,permata_nb,Bandung,Laptop Acer Swift 3 Intel Core i5-8250U 8GB SSD 256GB MULUS,Rp6.199.000
348,jualan medan,Medan,"ACER SWIFT 1 SF114-34 - PENTIUM N6000 4GB 512GB 14"" FHD IPS W10 OHS",Rp6.199.000
349,MuhamadYusupAbdulatipStore,Bandung,Laptop Acer swift SF314-54G FHD+IPS Intel Core i5-8250U 4/256gb,Rp6.199.000
350,Home Store Laptop,Bandung,Laptop Acer Swift 3 Intel Core i5-8250U 8GB SSD 256GB MX150,Rp6.199.000
351,permata_nb,Bandung,Laptop Acer Swift 3 Intel Core i5-8250U 8GB SSD 256GB NVIDIA MX250,Rp6.199.000
352,DissantsStore,Jakarta Selatan,ACER SWIFT SF514 TOUCH I5 1035G1 8GB RAM 256GB SSD,Rp6.200.000
353,Rizqi komputer,Kab. Sidoarjo,Acer Swift 3 SF314-56G Intel Core i5-8265U Ram 8GB SSD 256GB + HDD 1TB,Rp6.200.000
354,Pusat Wallpaper Pati,Kab. Pati,Acer Spin 3 Sp514 Core I5 Gen 10 Ram 8gb/256gb Touchscreen Not Swift,Rp6.200.000
355,GudangKomputer@198,Jakarta Pusat,"Acer Swift 1 SF114-34-P008 PENTIUM N6000 4GB 512GB 14"" FHD IPS W10 OHS",Rp6.200.000
356,laptypoid,Bandung,Acer Swift 3 Core i5 KOFEELAKE ram 8 SSD 256+HDD 1TB Nvidia 150Mx,Rp6.200.000
357,permata_nb,Bandung,acer swift 3 core i5 ram 12gb ssd 512gb hdd 1tb second,Rp6.200.000
358,W1 Corporation,Semarang,acer swift 3 core i3 RAM 12 GB,Rp6.200.000
359,HERO COMPUTER JOGJA,Kab. Sleman,acer swift 3 athlon 300u silver,Rp6.200.000
360,Poetra Computer,Surabaya,ACER SWIFT 3 - (ATHLON),Rp6.225.000
361,RizkyITStore,Surabaya,ACER SWIFT 1 SF114-34 PENTIUM N6000 Ram 4gb Ssd 512gb W10,Rp6.250.000
362,WawallstoreLaptop,Bandung,Limited Edition Acer Swift 3 Amd Ryzen 5 3500U Ram 8 GB /512 GB (SSD),Rp6.250.000
363,PUSAT SPAREPART MEDAN,Medan,ACER SWIFT 1 SF114 34 P008 - N6000 4GB 512GB 14in W10 OHS,Rp6.250.000
364,V3 Electronik,Jakarta Barat,Laptop Acer Swift SF314-41 Athlon 300U | RAM 8GB | SSD 256GB | Win10,Rp6.250.000
365,computerindo store,Kab. Jepara,laptop ultrabook acer Swift 5 - core i5 gen7 - ram 8gb - ssd 256gb,Rp6.250.000
366,kals stuff,Tangerang Selatan,"Laptop Acer Swift 3 SF314-56G Bekas Murah Bagus, Gaming Editing NEGO",Rp6.250.000
367,Jayabersama.,Pekanbaru,"ACER SWIFT 1 SF114-34 N6000 4GB 512GB 14"" FHD IPS",Rp6.250.000
368,kennacell,Bandung,acer swift 1 sf114 garansi 1 tahun resmi Indonesia,Rp6.250.000
369,Toko An- Nur,Kab. Tangerang,Laptop Acer Swift 3 ADE SF314-41 Amd Athlon 300U ~,Rp6.250.000
370,azzahracomputer,Semarang,acer swift 3 i3 7020 4gb 1tb vga 150mx 2gb ddr5 mulus lus,Rp6.250.000
371,BRANDED IT STORE MALANG,Malang,"Acer Swift 1 Fresh SF114 34 P008 N6000 4GB SSD 512GB 14"" FHD ORIGINAL",Rp6.251.000
372,PusatSparepart LaptopNew,Bandung,Laptop acer swift 3 SF314-56G i5-8265U MX250 Ram 8 GB SSD 256 GB Mulus,Rp6.275.000
373,Mega Star Dieng Malang,Malang,"Acer Swift 1 Fresh SF114 34 P008 N6000 4GB SSD 512GB 14"" FHD ORIGINAL",Rp6.283.000
374,QUEENPROCESSOR,Jakarta Pusat,"LAPTOP ACER SWIFT 1 FRESH SF114-34 |N6000 4GB 512GB 14""FHD W10 OHS|",Rp6.284.000
375,IT Store Poins,Jakarta Selatan,"ACER SWIFT 1 FRESH SF114-34-P008 PENTIUM N6000 4GB 512GB 14"" FHD IPS",Rp6.295.000
376,LKPP Vendor,Jakarta Pusat,Acer Swift 1 Fresh SF114-34 Pentium N6000 4GB 512SSD FHD IPS W10 OHS -,Rp6.299.000
377,House.of.IT,Jakarta Pusat,ACER SWIFT 1 FRESH SF114 34 P008 - N6000 4GB 512GB 14in W10 OHS,Rp6.299.000
378,Webcom Computer,Tanjung Pinang,Acer Swift 3 SF314-41-R0V8 AMD Athlon 300U,Rp6.299.000
379,Adain Aja,Jakarta Barat,"Acer Swift 1 SF114-33-P86X_2-N5030/4GB/512GB NVMe/Win10+OHS/14""FHD IPS",Rp6.299.000
380,Adain Aja,Jakarta Barat,"ACER Swift 1 SF114-34-P2VU NX.A77SN.002/14"" FHD/N6000/4GB/512GB SSD",Rp6.299.000
381,Grosir Tech,Jakarta Utara,LAPTOP ACER SWIFT 1 SF114-33 - PENTIUM N5030 4GB 512GB 14 FHD IPS W10,Rp6.299.000
382,HERO COMPUTER JOGJA,Kab. Sleman,acer swift 1 fresh sf114 pentium n6000,Rp6.300.000
383,Rstwn11 Store,Jakarta Pusat,laptop acer swift 3 sf314,Rp6.300.000
384,dr.com komputer,Jakarta Barat,"Laptop Acer Swift 3 SF314-54G, Core i5-8265U, Ram 4/256Gb, Lengkap",Rp6.300.000
385,Centro-Computer,Bandung,Acer Swift 3 SF314 Core i5 8th 8GB 128GB SSD 1TB HDD Muluss,Rp5.550.000
386,Murahkom Official,Surabaya,"ASUS A416JAO-FHD325 / FHD326 CORE i3-1005G1 4GB 256GB 14"" WIN 11+OHS - Grey, RAM 4GB",Rp5.867.000
387,Centro-Olshop,Bandung,Acer Swift 3 SF314 i5 8th/ 8GB /128GB SSD /1TB HDD,Rp6.000.000
388,lapycomp,Surabaya,"ASUS VIVOBOOK X SERIES INTEL CORE I3-6100 4GB 1TB 15.6"" NUMERIK WIN 10",Rp6.026.831
389,Murahkom Official,Surabaya,"ACER ASPIRE 5 A514-54-32LT INTEL i3-1115G4 RAM 4GB 256GB SSD 14,0"" FHD - 4GB+SSD 256GB",Rp6.254.000
390,Gm-comp,Jakarta Barat,ACER SWIFT 3 ATHLON 300 4gb 512gb ssd 14inch wij 10 original,Rp6.300.000
391,IP STORE COMPUTER,Bandung,Acer Swift 3 SF314 AMD Ryzen 5 3500U/Ram 8GB/SSD 512GB/FHD/Fullset,Rp6.300.000
392,REOG KOMPUTER,Kab. Ponorogo,ACER Swift 3 Core i5 Nvidia MX 150 SSD Slim Premium dan kencang,Rp6.300.000
393,MarinaFs,Jakarta Utara,Acer swift 3 SF314 - 56G i5gen 8,Rp6.300.000
394,AzisMM_Store,Bandung,Laptop Bekas Acer Swift SF314-56G i5-8265U|MX250 8GB|256GB SSD MULUS,Rp6.300.900
395,Retno Andriana,Kab. Semarang,ACER SWIFT 3 CORE I5-7200 RAM 4GB 128GB 14 SLIM MURAH POLL,Rp6.305.000
396,verrastores,Jakarta Barat,ACER Swift 3 SF314-41-R4UZ AMD Athlon 300U -4GB -256GB SSD- Rx Vega 3,Rp6.326.900
397,TECHNOLOGY ID,Jakarta Selatan,Acer Swift 1 Fresh SF114 Pentium N6000 4GB 512ssd W10+OHS 14.0FHD IPS,Rp6.349.000
398,SKYTECH STORE.ID,Jakarta Pusat,ACER SWIFT 1 FRESH SF114-34 INTEL PENTIUM N6000 RAM4GB SSD512GB W10,Rp6.349.000
399,Gaming Laptop ID,Jakarta Utara,Acer Swift 1 Fresh SF114 Pentium N6000 4GB 512ssd W10+OHS 14.0FHD IPS,Rp6.349.000
400,INFONET Mangga Dua,Jakarta Pusat,Acer Swift 1 FRESH SF114-34 N6000 4GB 512GB SSD FHD IPS W10 OHS,Rp6.349.000
401,realstore88,Kab. Bekasi,ACER SWIFT 1 SF114 33 PENTIUM N5030 512GB SSD WINDOWS 10/ FREE OFFICE,Rp6.350.000
402,dr.com komputer,Jakarta Barat,"Laptop Acer Swift 3 SF314-54G, Core i5-8250U, Ram 4/1Tb, Mulus, Slim",Rp6.350.000
403,verrastores,Jakarta Barat,ACER Swift 3 SF314-41 AMD Athlon 300U -8GB -256GB SSD- Rx Vega 3,Rp6.382.900
404,TechCities,Tangerang,ACER SWIFT 1 SF114-34-P008 - N6000 4GB 512GB 14FHD W10 OHS - SILVER,Rp6.399.000
405,Add-To-Cart,Tangerang,ACER SWIFT 1 SF114-34-P008 - N6000 4GB 512GB 14FHD W10 OHS - SILVER,Rp6.399.000
406,Adain Aja,Jakarta Barat,"ACER Swift 1 SF114-34-P1NV NX.A9USN.001/14""FHD/N6000/4GB/512GB SSD",Rp6.399.000
407,Kang Laptop,Jakarta Selatan,Acer Swift 1 Fresh SF114 Pentium N6000 4GB 512ssd W10+OHS 14.0FHD,Rp6.399.000
408,Zen Com,Kab. Tangerang,ACER SWIFT 1 SF114-34-P008 INTEL PENTIUM SILVER N6000 4GB/512GB/W 10,Rp6.399.000
409,Azriel komputindo,Kab. Ngawi,acer swift 3 sf314,Rp6.400.000
410,TechnoFast,Jakarta Barat,Laptop Bekas Murah Acer Swift 3 SF314-54G Core i5 RAM 4GB SDD 256GB,Rp6.400.000
411,Ian Widi,Jakarta Timur,Laptop Acer Swift 3 i3 8265u nvidia MX150 8GB hdd 1TB Optane notebook,Rp6.400.000
412,TechnoFast,Jakarta Barat,Laptop Bekas Murah Acer Swift 3 SF314-54G Core i5 RAM 4GB SSD 256GB,Rp6.400.000
413,Bukan Jualan,Semarang,LAPTOP ACER SWIFT 3 SF314,Rp6.400.000
414,CV. TUNAS GAJAYANA,Kab. Pasuruan,Acer Swift 1 Fresh SF114 Pentium N6000 4GB 512ssd W10+OHS 14.0FHD IPS,Rp6.440.000
415,Supertech Medan,Medan,Notebook Acer Swift 1 SF114-34-P2VU Pentium N6000 4GB 512SSD W10+OHS,Rp6.445.000
416,mydays onlineshop,Tangerang,ACER SWIFT 1 SF114-34-P008 - N6000 4GB 512GB 14FHD W10 OHS - SILVER,Rp6.449.000
417,GamingCom,Jakarta Utara,ACER Swift 1 Fresh SF114-34 INTEL N6000|512GB SSD|4GB|14''FHD|W10+OHS,Rp6.449.000
418,Digital Hunter,Tangerang,ACER SWIFT 1 SF114-34-P008 - N6000 4GB 512GB 14FHD W10 OHS - SILVER,Rp6.449.000
419,Shine80,Yogyakarta,Acer Swift 3 SF314-41 AMD Athlon 300 4GB 256 SSD FHD WIN 10,Rp6.449.000
420,V-COMPUTER,Jakarta Barat,"Acer Swift 3 SF314-54G, Core i5 Gen 8, Vga Nvidia MX150, Ssd 256Gb",Rp6.450.000
421,V-COMPUTER,Jakarta Barat,"Acer Swift 3 SF314-56G, Core i5 - Gen 8th, Vga Nvidia Geforce, FHD ips",Rp6.450.000
422,TechnoFast,Jakarta Barat,Laptop Bekas Acer Swift 3 SF314-54G Core i5 RAM 4GB HDD 1TB,Rp6.450.000
423,digital88komputindo,Jakarta Pusat,ACER SWIFT 1 SF114-34-P008 (SILVER) Intel N6000 Ram 4GB SSD 512 GB,Rp6.450.000
424,Gilss CDC 69,Medan,"LAPTOP ACER SWIFT 3 SF314-41 ATHLON 300U 4GB 256GB 14"" FHD WIN10",Rp6.455.000
425,Trust IT Store,Jakarta Pusat,ACER SWIFT 1 SF114 34 P008PENTIUM SILVER N6000 4GB 512SSD 14 FHD OHS19,Rp6.459.000
426,Toserba Makmur Jaya,Kab. Sidoarjo,ACER SWIFT 3 SF314 56G Core i5 VGA MX250 RAM 12GB SSD 256GB HDD 1TB,Rp6.475.500
427,astropasaraya,Depok,"Acer Swift 1 SF114-34 (N6000/RAM 4GB/SSD512GB/14""INCH/Win10)",Rp6.490.000
428,jaya e-shop,Surabaya,"ACER SWIFT SF314-34 PENTIUM N6000 4G 512ssd 14"" FHD W10+office OriBaru",Rp6.490.000
429,OrKa,Jakarta Utara,Acer Swift INTEL Pentium N6000 14 FHD IPS 8GB 512 SSD W10 OFFICE,Rp6.497.000
430,Home Store Laptop,Bandung,Laptop Acer Swift 3 AMD Ryzen 5 3200U 8GB SSD 512GB LIKENEW,Rp6.499.000
431,LogiKiosk,Jakarta Utara,"ACER Swift 1 Fresh SF114-34 N6000 4GB 512GB 14""FHD IPS W10 OHS",Rp6.499.000
432,Sentosa Computer Official,Kab. Tangerang,"ACER SWIFT 1 SF114-34 - PENTIUM N6000 4GB 512GB 14"" FHD IPS W10 OHS",Rp6.499.000
433,Gadget Computer,Jakarta Utara,"Acer Swift 1 Fresh SF114-34-P008 14""/N6000/4G/512G/NX.A7ESN.001/Silver",Rp6.499.000
434,ramecastore,Tangerang Selatan,ACER SWIFT 3 CORE I5 GEN 8 RAM 8GB SSD 256GB,Rp6.500.000
435,Pantai StoreLaptop,Bandung,Laptop Acer Swift Sf314 i5-8250 8/256/Mx150,Rp6.500.000
436,laptoppribadi,Kab. Ogan Komering Ulu,Laptop acer swift 3 day edition core i7 internal 1tb ssd 128gb,Rp6.500.000
437,Zackhell,Jakarta Utara,Laptop Acer Swift 3 SF314-41 - ATHLON 300U/4GB/256GB SSD Win10 Silver,Rp6.500.000
438,laptoppribadi,Kab. Ogan Komering Ulu,LAPTOP ACER SWIFT 3 DAY EDITION CORE I7 INTERNAL 1TB SSD 128GB SECOND,Rp6.500.000
439,DK Celuller,Jakarta Barat,Acer Swift 1 Fresh SF114 34 P3ZB P2VU - Pentium N6000 4GB 512ssd W10+O,Rp6.500.000
440,khrisna computer,Semarang,ACER SWIFT 3 CI3 GEN 7/NVIDIA MX150 dedicated 2 gb appmax 4gb/1TB,Rp6.500.000
441,ThinkpadPD,Jakarta Timur,Ultrabook Acer Swift SF314-54G Core i5 8250U Mulus,Rp6.500.000
442,ThinkpadPD,Jakarta Timur,Ultrabook Acer Swift 5 SF515 Core i7 8565U Touch Slim Mulus,Rp6.500.000
443,khrisna computer,Semarang,Acer Swift Core i5 Nvidia MX,Rp6.500.000
444,Intech Nusa Solusi,Jakarta Pusat,Acer Swift 1 SF114-34-P008 Pentium N6000 4GB 512GB SSD W10HSL OHS 1YR,Rp6.500.000
445,Adji97 Shop,Bekasi,acer swift 3 2019,Rp6.500.000
446,IP STORE COMPUTER,Bandung,Acer Swift 3 Core i5 Gen 8/Ram 8GB/SSD 256GB+HDD 1TB/VGA MX150/Fullset,Rp6.500.000
447,Sukses laptop,Tangerang Selatan,"LAPTOP ACER SWIFT 1 SF114-34 - PENTIUM N6000 4GB 512GB 14"" FHD IPS W10",Rp6.500.000
448,chikowan shoop,Kab. Bekasi,laptop acer swift 3,Rp6.500.000
449,LUKNI STORE,Cimahi,acer swift 3 i7 8565u,Rp6.500.000
450,Murahkom Official,Surabaya,"ACER ASPIRE 5 A514-54-32LT INTEL i3-1115G4 RAM 4GB 256GB SSD 14,0"" FHD - 4GB+SSD 256GB",Rp6.254.000
451,Murahkom Official,Surabaya,"ACER ASPIRE 5 A514-54-30VD CORE i3-1115G4 4GB 512GB SSD 14""FHD IPS W10 - 4 gb",Rp6.521.000
452,KakiLima Comp,Kab. Tangerang,Laptop Infinix Inboox X1 Intel i5 Ram 8GB 512 GB SSD Windows 10 - UNIT ONLY,Rp6.833.000
453,Murahkom Official,Surabaya,LENOVO V14 G2 ITL CORE I3-1115G4 4GB 256GB SSD MX350 2GB FHD WIN11+OHS - 4GB+SSD 256GB,Rp6.873.000
454,Murahkom Official,Surabaya,"LENOVO IDEAPAD SLIM 1 14AMN7 RYZEN 3 7320U 8GB 256SSD WIN11+OHS 14""FHD",Rp6.925.000
455,irvanosaka 2nd store,Palembang,acer swift 3,Rp6.500.000
456,SNP COMPUTER,Bandung,acer swift 1 n6000 4gb 512gb,Rp6.500.000
457,dr.com komputer,Jakarta Barat,"Laptop Acer Swift 3 SF314-54G, Core i5-8250U, #DualVga, 4/1Tb, Mulus",Rp6.500.000
458,Gozarutech,Jakarta Barat,Laptop Acer Swift 3 SF314 i5 8250U 4Gb SSD 256 14inc FHD IPS Dual VGA,Rp6.500.000
459,Zackhell,Jakarta Utara,Laptop Acer Swift 3 SF314-41 - ATHLON 300U/4GB-256GB SSD Win10 - Blue,Rp6.500.000
460,V2 ELECTRONIC,Jakarta Barat,Laptop Acer Swift SF314-54 Intel Core i3-7020U| 2GB Nvidia | 4GB | 1TB,Rp6.500.000
461,fao store,Kab. Mojokerto,laptop Acer swift 3 (sf314-54G),Rp6.500.000
462,HypEvira Store,Kab. Bogor,Acer Swift 3 SF314-41 Amd Ryzen 5 3500U,Rp6.500.000
463,LaptopBaru.,Surabaya,Acer Swift 1 SF114-34-P2UV,Rp6.500.000
464,VINACOM ELECTRONIC,Jakarta Barat,Laptop Acer Swift SF314-54 Intel Core i3-7020U| 2GB Nvidia | 4GB | 1TB,Rp6.500.000
465,permata_nb,Bandung,Laptop Acer Swift 3 Intel Core i5-8250U 8GB SSD 256GB + HDD 1TB MX150,Rp6.500.000
466,Baba Gadget,Jakarta Barat,"Acer Swift SF514-54T Touchscreen, i5 Gen 10, Ram 8GB, SSD 256GB, MULUS",Rp6.500.000
467,Cuma Toko Aja,Bandung,"Laptop ACER SWIFT SF314-56G, Core i5 Gen 8, RAM 8GB Second Like New",Rp6.500.000
468,Pantai StoreLaptop,Bandung,ACER SWIFT SF314 I5-8265U 8/256 ssd Full Hd,Rp6.500.000
469,Nicocyop,Kab. Sukoharjo,acer swift 3 sf314-42,Rp6.500.000
470,Aldystoreee,Palembang,laptop acer swift 3,Rp6.500.000
471,Grosir Tech,Jakarta Utara,Laptop Acer Swift 1 SF1144 Pentium N6000 4GB 512ssd W10 OHS 14 IPS - S,Rp6.539.000
472,zona gadget,Surabaya,"LAPTOP ACER SWIFT P2VU|INTEL PENTIUM|512GB SSD|RAM 4GB|WIN10|14"" RESMI",Rp6.546.500
473,Cicak-Elektronic,Jakarta Barat,LAPTOP ACER SWIFT SF314-41 AMD ATHLON 8GB/256'GB/W10,Rp6.550.000
474,Unicom Medan,Medan,Acer Swift 1 Pentium Silver N6000 4GB 512 SSD OHS FHD,Rp6.550.000
475,BestComputers,Pontianak,"Laptop Acer Swift 1 SF 114-34 SSD 512GB, Ram 4GB",Rp6.550.000
476,GudangLaptop Semarang,Semarang,Laptop ACER Swift 3 SF314 - 41 - R24M,Rp6.583.000
477,Prisma Computer,Jakarta Barat,"Laptop ACER SWIFT 1 SF114-34 - PENTIUM N6000 4GB 512GB 14"" FHD IPS",Rp6.590.000
478,loky komputer,Jakarta Selatan,ACER SWIFT 3 SF314-39R8-i3-7020U-4GB-1TB-MX150 2GB-FHD-W10,Rp6.590.000
479,ASEAN NOTEBOOK 03,Bekasi,acer swift 3,Rp6.599.000
480,ALIENWARE OFFICIAL,Jakarta Utara,Acer Swift 1 Fresh SF114 | Pentium N6000 4GB 512GB SSD 14 FHD IPS OHS,Rp6.599.000
481,Acer Official Store,Jakarta Pusat,Acer Swift 1 Fresh SF114-34 Intel N6000 512 SSD 4GB Win 10 OHS,Rp6.599.000
482,permata_nb,Bandung,Laptop Acer Swift 3 AMD Ryzen 5 3200U 8GB SSD 512GB Vega 8 Radeon,Rp6.599.000
483,AMP TECH STORE,Jakarta Pusat,ACER SWIFT 1 FRESH SF114-34-P008 PENTIUM N6000 4GB 512GB SSD UMA FHD,Rp6.599.000
484,gaya notebook,Jakarta Pusat,ACER SWIFT 3 ( core i3 ),Rp6.599.000
485,Krush Workshop,Tangerang,ACER SWIFT 1 SF114-34-P008 - N6000 4GB 512GB 14FHD W10 OHS - SILVER,Rp6.599.000
486,sam komputer,Palembang,Acer notebook Swift 3 (Acer Day Edition Core SF314-54G) Core I3 7020U,Rp6.599.000
487,Eureka47,Tangerang Selatan,"Acer Swift 3 SF314 42 AMD Ryzen 5 Not Dell, Lenovo, HP, Asus Zenbook",Rp6.600.000
488,DissantsStore,Jakarta Selatan,ACER SWIFT SWIFT 3 SF314-57 I7 1065G7 16GB RAM 512GB SSD,Rp6.600.000
489,geniuscomputercenter mks,Makassar,Acer Swift 3 SF314-41(R0V8-R5NY),Rp6.600.000
490,kedai tunggal,Jakarta Pusat,ACER SWIFT 1 SF114-34 PENTIUM N6000/FHD/4G LPDDR4X 512GB SSD WIN10 HOM,Rp6.600.000
491,java solution computer,Malang,Acer Swift SF313-51 Core i7 8550U Ram8gb Ssd512gb FHD Scu9280,Rp6.600.000
492,Bedak52,Malang,ACER SWIFT 3 AIR SF313-51 Core i7 8550U FHD 8GB SSD 512GB BACKLIGHT,Rp6.600.000
493,shooting stars,Jakarta Pusat,ACER SWIFT 1 SF11434P008 SILVER Intel N6000 Ram 4GB SSD 512 GB,Rp6.600.000
494,Satta Teknologi,Palembang,Laptop Acer Swift 1 Fresh SF114-34-P008,Rp6.600.000
495,Naga Mas Computer Poins,Jakarta Selatan,ACER SWIFT 1 FRESH SF114 34 P008 - N6000 4GB 512GB 14in W10 OHS,Rp6.631.000
496,UMBREON,Jakarta Pusat,ACER SWIFT 1 FRESH SF114 34 P008 - N6000 4GB 512GB 14in W10 OHS,Rp6.637.000
497,ANUGERAH DIGITAL LESTARI,Jakarta Pusat,ACER SWIFT 1 FRESH SF114 34 P008 - N6000 4GB 512GB 14in W10 OHS,Rp6.639.000
498,tmc computer,Jakarta Selatan,ACER Swift 1 N6000 4GB 512GB SSD WIN10 + APLIKASI,Rp6.650.000
499,JayaElektronic,Jakarta Barat,"Laptop Acer Swift sf'314-41 AMD Athlon 8gb/ssd,256'gb Win10",Rp6.650.000
500,MIFTAH86COMP,Kab. Jepara,Acer SWIFT 3 SF314 Ryzen 5-3500 RAM 8GB DDR4 SSD 512GB,Rp6.650.000
501,Jaya_Comp,Kab. Tangerang,ACER SWIFT 3 SF314 54G 31YU I3 7020 4GB 1TB MX150 W10.,Rp6.650.000
502,OyaniComp,Kab. Kudus,Acer SWIFT 3 SF314 Ryzen 5-3500 RAM 8GB DDR4 SSD 512GB,Rp6.650.000
503,MITRA JAYA KOMPUTER BENGKULU,Bengkulu,"ACER SWIFT 1 SF114-34-P008, INTEL N6000, 4GB, 512SSD, 14""FHDIPS, W.10",Rp6.650.000
504,Globel Computer,Palembang,Acer Swift 1 SF114 34 P2VU Pentium N6000 SSD 512GB Win11 OHS FHD IPS,Rp6.650.000
505,J comp.id,Kab. Tangerang,ACER SWIFT 3 SF314 54G 31YU I3 7020 4GB 1TB,Rp6.650.000
506,aazulshop,Bandar Lampung,LAPTOP GAMING ACER SWIFT 3 AMD ATHLON GOLD RAM 4GB SSD 256GB MULUZZ,Rp6.655.000
507,EA TECHNOLOGI,Malang,"ACER SWIFT 3 SF314 43 R6V2 Ryzen 3 5300U 8GB 256SSD R6 14""FHD IPS DOS",Rp6.699.000
508,Shine80,Yogyakarta,LAPTOP ACER SWIFT 3 ATHLON 300U 4GB 256GB ssd WINDOWS 10,Rp6.699.000
509,New Notebook COD,Jakarta Pusat,ACER SWIFT 3 SF314-54G-31YU /i3-7020U/4/1/NVIDIA MX150 2GB/W10H,Rp6.699.000
510,Elite Computer,Kab. Tangerang,"Acer Swift 1 SF114-34-P3ZB Pentium N6000 4GB 512ssd 14"" IPS Win10+OHS",Rp6.699.000
511,AMP TECH STORE,Jakarta Pusat,Acer Swift 1 Fresh SF114-34-N6000/4GB/512 SSD/14/W10/OHS,Rp6.699.000
512,Elite Computer Solution,Pontianak,ACER SWIFT SF114-34-P008 (INDESCENT SILVER) INTEL N6000/4GB/512 GB,Rp6.699.000
513,ZIHAN LOTUS COMPUTER,Surabaya,acer swift sf314 ci5,Rp6.700.000
514,RC CELL888,Medan,acer swift 3 icore 5 hdd 1 tb,Rp6.700.000
515,Murahkom Official,Surabaya,"ASUS M415DAO FHD352 AMD RYZEN 3 3250U 8GB 512GB SSD W11+OHS 14.0"" FHD - SILVER",Rp6.925.000
516,Murahkom Official,Surabaya,"LENOVO IDEAPAD 3 14ITL6 INTEL i3-1115G4 8GB 512GB SSD 14""FHD WIN11+OHS - ARCTIC GREY",Rp7.054.000
517,oyest0re,Kab. Bandung,Acer Swift 3 intel i5 gen 11 Iris XE laptop spek dewa harga mahasiswa,Rp7.999.000
518,KakiLima Comp,Kab. Tangerang,Laptop Infinix Inboox X1 Pro Intel i7 Ram 16GB 512GB SSD Windows 10,Rp8.341.000
519,Win Cell Solo,Surakarta,Acer Swift SF314-511-56QF Intel i5-1135G7 8GB RAM 512GB SSD WIN 11 ORI,Rp8.350.000
520,Laptopsuperid,Jakarta Utara,ACER SWIFT 3 SF314-54G-31YU ACER DAY I3 SILVER,Rp6.700.000
521,Deocom,Kab. Demak,Ultrabook Acer Swift 3 SF314 Aluminium,Rp6.700.000
522,ARCOM_ZTORE,Kab. Tanjung Jabung Barat,LAPTOP ACER SWIFT SF314 51 A,Rp6.700.000
523,klik.ID,Jakarta Pusat,Acer Swift 3 SF314-41 Athlon 300U|RAM 8GB|256GB SSD|Vega 3|Win10|FHD,Rp6.700.000
524,Disini Laptop,Jakarta Timur,LAPTOP ACER SWIFT SF514 TOUCH I5 1035G1 8GB RAM 256GB SSD FHD MULUS,Rp6.700.000
525,bilqis jay,Jakarta Barat,Acer Swift 3 SF314-41-R6NY/SF314-41-R0V8 Athlon 300 4GB 512ssd Vega 3,Rp6.723.000
526,Rimas Laptop Jakarta88,Jakarta Barat,"ACER SWIFT 3 SF314-43 AMD RYZEN 5-5500U 16GB 512GB 14"" FHD IPS W10 OHS",Rp6.726.850
527,Anekateknikkomindo,Jakarta Pusat,ACER SWIFT 1 FRESH SF114-34 PENTIUM N6000 4GB 512SSD FHD IPS W10 OHS,Rp6.749.000
528,EVO Laptop ID,Jakarta Pusat,"ACER SWIFT 1 SF114-34 - PENTIUM N6000 4GB 512GB 14"" FHD IPS W10 OHS",Rp6.749.000
529,ReeComp,Surabaya,ACER SWIFT SF314-43-R6V2 R3-5300,Rp6.750.000
530,Zona Comp 268,Banjarmasin,"Acer Aspire Swift 1-SF114, N6000, 4Gb-412 SSD, 14"", win 10",Rp6.750.000
531,Pantai StoreLaptop,Bandung,Laptop Acer Swift 3 i5-8425 12/256/1000 GB,Rp6.750.000
532,Glorious Comp,Jakarta Selatan,laptop acer swift 3 not dell xps lenovo thinkpad asus msi rog gaming,Rp6.750.000
533,Shoozay,Jakarta Selatan,ACER SWIFT SF314 RYZEN 4700U 16GB RAM 1TB SSD RADEON FHD BACKLIT CAM M,Rp6.750.000
534,Glorious Comp,Jakarta Selatan,laptop acer swift 3 no dell xps lenovo thinkpad asus msi rog gaming aa,Rp6.750.000
535,P COMP STORE,Bandung,LAPTOP ACER SWIFT 3 RYZEN 5 RAM 8GB/HDD 1TB FULLSET MULUS,Rp6.750.000
536,Syifa Rezza,Jakarta Barat,Laptop Acer Swift 3 SF314-54G Core i5 Gen8 Ram4gb Hdd1TB VGA MX150,Rp6.750.000
537,P COMP STORE,Bandung,Laptop Acer Swift 3 Core I5-8250U Nvidia mx150 Ram8Gb/SSD 256GB/HDD1tb,Rp6.750.000
538,Shoozay,Jakarta Selatan,ACER SWIFT SF514 TOUCH I7 1065G7 16GB RAM 512GB SSD FHD TOUCH BACKLIT,Rp6.750.000
539,Glorious Comp,Jakarta Selatan,laptop acer swift 3 no dell xps lenovo thinkpad asus msi rog gaming,Rp6.750.000
540,downtown_store,Malang,"Acer Swift 3 SF314-42 Ryzen 5-4500U, RAM 8GB, SSD 512GB",Rp6.750.000
541,Emre rei,Jakarta Selatan,Laptop Acer Swift 3 Core I3 Kabylake Nvidia Mx 150 Slim Bezelless,Rp6.772.000
542,Laptopgamer,Jakarta Pusat,Acer Swift 3 SF314-41-R3LS,Rp6.789.000
543,RAJANYA COMPUTER,Tangerang,Acer Swift 3 SF314 Ryzen 3 5300 Ram 8GB 256SSD Full HD IPS,Rp6.799.000
544,laris_barokah1,Kab. Semarang,Acer Swift 3 Intel Core i3 7020u HDD pluss SSD Second,Rp6.799.000
545,ALIENWARE OFFICIAL,Jakarta Utara,Acer Swift 3 SF314 Ryzen 3 5300 8GB 256ssd IPS W10Pre 14.0FHD,Rp6.799.000
546,Optima Tech,Bekasi,ACER Swift 3 SF314 Ryzen 3 5300 RAM 8GB 256SSD VEGA3 14FHD IPS,Rp6.799.000
547,Fast IT,Jakarta Pusat,"ACER SWIFT 3 SF314-43-R6V2 AMD Ryzen 3-5300U 8GB 512GBSSD 14""FHD IPS",Rp6.799.000
548,ProStoreComputer,Jakarta Utara,Acer Swift 3 SF314 Ryzen 3 5300 8GB 256ssd Vega3 W10PRE 14.0FHD IPS,Rp6.799.000
549,MQGcomputer,Kab. Tangerang,Laptop Acer Swift 3 Ryzen 3-5300U Ram 8GB 256GB SSD 14.0 Full HD IPS,Rp6.799.000
550,MUSAFIR TECH,Jakarta Selatan,"ACER SWIFT 3 SF314 AMD RYZEN 3 5300U 8GB 256ssd 14"" FHD IPS W10 NEW",Rp6.799.000
551,Jack-Store,Jakarta Pusat,Laptop ACER SWIFT 3 SF314 RYZEN 3 5300 8GB 256SSD W11 14.0FHD IPS,Rp6.799.000
552,ALIENWARE OFFICIAL,Jakarta Utara,LAPTOP ACER SWIFT 3 SF314 RYZEN 3 5300 8GB 256SSD 14.0FHD IPS,Rp6.799.000
553,Firstech,Jakarta Pusat,Acer Swift 3 SF314 Ryzen 3 5300 8GB 256ssd W10 14.0FHD IPS,Rp6.799.000
554,Deca Computer,Jakarta Utara,LAPTOP ACER SWIFT 3 SF314 RYZEN 3 5300 8GB 256SSD VEGA3 W11PRE 14.0FHD,Rp6.799.000
555,Tiara Galery komputer,Tangerang Selatan,Acer Swift 3 SF314 Ryzen 3 5300 8GB 256ssd Vega6 W10 14.0FHD IPS,Rp6.799.000
556,Prime Notebook,Kab. Tangerang,Acer Swift 3 SF314 AMD Ryzen ram 8GB 1TB SSD 14.0 FHD IPS BLIT KB W11,Rp6.799.000
557,GAPTECH.ID,Kab. Tangerang,ACER SWIFT 3 AMD RYZEN 3 WINDOWS FULL HD IPS,Rp6.799.000
558,Second_Offer,Kab. Bekasi,TERMURAH Laptop Mewah Touchscreen Acer Swift 5 RAM 8GB SSD 256GB,Rp6.799.000
559,slotgemer,Tangerang Selatan,ACER SWIFT 3 SF314 RYZEN 3 5300 8GB 256SSD VEGA3 W11PRE 14.0FHD IPS,Rp6.799.000
560,Gm-comp,Jakarta Barat,ACER SWIFT 1 PENTIUM SILVER N6000 4GB 512GB 14INCH FHD WIN 10+OHS ORI,Rp6.799.000
561,Gateway Indonesia Comp,Jakarta Utara,Laptop Acer Swift 3 SF314 - Ryzen 3 5300 8GB 256SSD 14FHD W10 IPS,Rp6.799.000
562,Hardware Gaming+Mining,Tangerang Selatan,Acer Swift 3 SF314 Ryzen 3 5300 8GB 256ssd Vega6 W10 14.0FHD IPS,Rp6.799.000
563,JS Notebook,Jakarta Pusat,ACER SWIFT 3 SF314 RYZEN 3 5300 8GB 256SSD VEGA3 W11PRE 14.0FHD IPS,Rp6.799.000
564,Momon Brick Shop,Tangerang Selatan,ACER SWIFT 3 SF314 RYZEN 3 5300 8GB 256SSD VEGA3 w11 14.0FHD IPS,Rp6.799.000
565,Cyberpad,Jakarta Pusat,ACER SWIFT 3 SF314 RYZEN 3 5300 8GB 256SSD VEGA3 W11PRE 14.0FHD IPS,Rp6.799.000
566,allkomputer,Jakarta Pusat,"ACER Swift 3 Ryzen 3 5300 Ram 8GB 256SSD VEGA 3 14"" FHD IPS Win 11 PRE",Rp6.799.000
567,gprojector,Bandung,"ACER SWIFT 1 Intel Pentium silver N6000.RAM 4GB.SSD 512GB,WIN10. OHS",Rp6.799.999
568,usaha mandiri komputer,Surabaya,ACER SWIFT 3 ATHLON 300U 4GB SSD 512GB,Rp6.800.000
569,okcommedan,Medan,"Laptop Acer Swift 1 FreshSF114-34 Pentium Silver N6000/4g/512g/14""/w10",Rp6.800.000
570,MSTEK,Surabaya,ACER SWIFT 3 - 4Gen ( SF314-54G ) - Core i3 - 4GB DDR4 - 1TB,Rp6.800.000
571,Cahayalaptopjogja,Kab. Sleman,Acer Swift SF314-56G (Blue) Core i7-8565u Nvidia MX250 8GB 1TB Segel,Rp6.800.000
572,Indah Distributor149,Jakarta Barat,Acer Swift 1 SF114 N5030 Pentium 4GB 512ssd 14.0FHD W10 FP,Rp6.800.000
573,Silakan Harga Di nego,Cirebon,Acer Swift 3 8/512 core i7 Nvidia GeForce MX150,Rp6.800.000
574,laptypoid,Bandung,Acer Swift 3 AMD Ryzen 5 Setara core i7 8/512/vega 8/FHD/IPS Garansi,Rp6.800.000
575,ThinkpadPD,Jakarta Timur,Ultrabook Acer Swift 5 SF514 Core i5 1035G1 Touch Slim Mulus,Rp6.800.000
576,laris_barokah1,Kab. Semarang,Acer Swift 3 Intel Core 3 7020u SSD pluss HDD Second,Rp6.800.000
577,493Mart,Depok,"Laptop Acer Swift 3 i5 8250 gen 8th,nvidia 150MX,Fullset,Garansi Resmi",Rp6.800.000
578,ALIENWARE GAMING ID,Depok,Acer Swift 3 SF314 Ryzen 3 5300 8GB 256SSD W11PRE 14.0FHD IPS,Rp6.802.000
579,irene store 2019,Pontianak,Acer swift 3 SF314-51,Rp6.820.000
580,UPDATE KOM,Jakarta Pusat,Acer Swift SF314-511-56QF Intel i5-1135G7 8GB 512GB BACKLIGHT WIN11,Rp8.351.000
581,KOTAKOM LAPTOP,Jakarta Pusat,ACER SWIFT SF314-511-56QF Intel 5 1135G7 RAM 8GB 512GB SSD NVMe,Rp8.351.000
582,RAYALAPTOP,Jakarta Pusat,Acer Swift SF314-511-56QF with Intel i5-1135G7 and 8GB RAM - Silver,Rp8.351.000
583,KOTAKOM JKT,Jakarta Pusat,Laptop Acer Swift SF314-511-56QF with Intel i5-1135G7 and 8GB RAM,Rp8.351.000
584,WORLDOFLAPTOP,Jakarta Pusat,ACER Swift SF314-511-56QF with Intel i5-1135G7 and 8GB RAM and 512GB,Rp8.351.000
